UniversityID,SubsystemDescription,MonthNum,ml_risk,hist_asset_rate,hist_shock_rate,coverage
10,Building Elements Demolition,4,1.1665759e-05,0.0,0.0,1
10,Building Elements Demolition,10,1.0126687e-05,0.0,0.0,1
10,Ceiling Finishes,1,0.14687558,0.18006993006993008,0.08741258741258741,572
10,Ceiling Finishes,2,0.10267944,0.11504424778761062,0.09026548672566372,565
10,Ceiling Finishes,3,0.12189379,0.1419031719532554,0.06844741235392321,599
10,Ceiling Finishes,4,0.13312843,0.15358361774744028,0.05631399317406143,586
10,Ceiling Finishes,5,0.15681583,0.23344947735191637,0.10627177700348432,574
10,Ceiling Finishes,6,0.15169698,0.19400352733686066,0.06525573192239859,567
10,Ceiling Finishes,7,0.10177946,0.13859649122807016,0.0912280701754386,570
10,Ceiling Finishes,8,0.21455546,0.2958477508650519,0.12802768166089964,578
10,Ceiling Finishes,9,0.14338109,0.17132867132867133,0.09090909090909091,572
10,Ceiling Finishes,10,0.15534654,0.19022687609075042,0.07853403141361257,573
10,Ceiling Finishes,11,0.09788991,0.12277580071174377,0.03914590747330961,562
10,Ceiling Finishes,12,0.078039505,0.09219858156028368,0.03368794326241135,564
10,Commercial Equipment,1,0.011359279,0.011345218800648298,0.22852512155591573,617
10,Commercial Equipment,2,0.0190309,0.01901743264659271,0.27416798732171155,631
10,Commercial Equipment,3,0.019921752,0.019908116385911178,0.29709035222052066,653
10,Commercial Equipment,4,0.022271119,0.022257551669316374,0.302066772655008,629
10,Commercial Equipment,5,0.017870773,0.021103896103896104,0.21915584415584416,616
10,Commercial Equipment,6,0.01772727,0.020933977455716585,0.2222222222222222,621
10,Commercial Equipment,7,0.022630943,0.024232633279483037,0.172859450726979,619
10,Commercial Equipment,8,0.0080144275,0.008,0.208,625
10,Commercial Equipment,9,0.02084595,0.022435897435897436,0.26282051282051283,624
10,Commercial Equipment,10,0.017697034,0.022508038585209004,0.2620578778135048,622
10,Commercial Equipment,11,0.008156118,0.009771986970684038,0.25732899022801303,614
10,Commercial Equipment,12,0.014767411,0.01639344262295082,0.14426229508196722,610
10,Communications & Security,1,0.017888773,0.017875920084121977,0.06624605678233439,951
10,Communications & Security,2,0.01049528,0.010482180293501049,0.0649895178197065,954
10,Communications & Security,3,0.021268208,0.044534412955465584,0.05161943319838057,988
10,Communications & Security,4,0.027847927,0.03402061855670103,0.0443298969072165,970
10,Communications & Security,5,0.015247471,0.017410228509249184,0.05767138193688792,919
10,Communications & Security,6,0.015214458,0.016286644951140065,0.0499457111834962,921
10,Communications & Security,7,0.0075736246,0.008639308855291577,0.023758099352051837,926
10,Communications & Security,8,0.01729261,0.019438444924406047,0.03131749460043196,926
10,Communications & Security,9,0.012986081,0.012972972972972972,0.06918918918918919,925
10,Communications & Security,10,0.01500127,0.016059957173447537,0.046038543897216275,934
10,Communications & Security,11,0.009586807,0.009574468085106383,0.047872340425531915,940
10,Communications & Security,12,0.009486558,0.04421052631578947,0.02631578947368421,950
10,Controls and Instrumentation,1,0.27254826,0.5087912087912088,0.11538461538461539,910
10,Controls and Instrumentation,2,0.18814512,0.30143014301430143,0.12101210121012101,909
10,Controls and Instrumentation,3,0.1492187,0.2,0.08432432432432432,925
10,Controls and Instrumentation,4,0.12585919,0.17660044150110377,0.07505518763796909,906
10,Controls and Instrumentation,5,0.11567754,0.16780045351473924,0.07709750566893424,882
10,Controls and Instrumentation,6,0.09305426,0.132890365448505,0.07419712070874862,903
10,Controls and Instrumentation,7,0.083637655,0.11661166116611661,0.09020902090209021,909
10,Controls and Instrumentation,8,0.10626981,0.16976998904709747,0.09748083242059145,913
10,Controls and Instrumentation,9,0.17160502,0.28524590163934427,0.08633879781420765,915
10,Controls and Instrumentation,10,0.20545344,0.36086956521739133,0.1,920
10,Controls and Instrumentation,11,0.23045391,0.3967391304347826,0.08695652173913043,920
10,Controls and Instrumentation,12,0.2166533,0.36542669584245074,0.06345733041575492,914
10,Cooling Generation Systems,1,0.015887126,0.01763668430335097,0.001763668430335097,567
10,Cooling Generation Systems,2,0.024574634,0.028070175438596492,0.017543859649122806,570
10,Cooling Generation Systems,3,0.017049821,0.018739352640545145,0.005110732538330494,587
10,Cooling Generation Systems,4,0.021792136,0.025408348457350273,0.0,551
10,Cooling Generation Systems,5,0.016836239,0.016822429906542057,0.005607476635514018,535
10,Cooling Generation Systems,6,0.036244787,0.03985507246376811,0.0036231884057971015,552
10,Cooling Generation Systems,7,0.01084448,0.010830324909747292,0.0,554
10,Cooling Generation Systems,8,0.035411254,0.035398230088495575,0.005309734513274336,565
10,Cooling Generation Systems,9,0.024835322,0.028368794326241134,0.0017730496453900709,564
10,Cooling Generation Systems,10,0.021213688,0.02120141342756184,0.00530035335689046,566
10,Cooling Generation Systems,11,0.015857605,0.01936619718309859,0.0017605633802816902,568
10,Cooling Generation Systems,12,0.014172748,0.024778761061946902,0.0,565
10,Distribution Systems,1,0.02008759,0.022304832713754646,0.013382899628252789,1345
10,Distribution Systems,2,0.014917499,0.015613910574875798,0.061745919091554295,1409
10,Distribution Systems,3,0.014739842,0.0182328190743338,0.016830294530154277,1426
10,Distribution Systems,4,0.018839944,0.020275162925416364,0.00724112961622013,1381
10,Distribution Systems,5,0.024818713,0.02945736434108527,0.013953488372093023,1290
10,Distribution Systems,6,0.022337956,0.024634334103156273,0.008468052347959968,1299
10,Distribution Systems,7,0.031406794,0.03445635528330781,0.018376722817764167,1306
10,Distribution Systems,8,0.029761788,0.03508771929824561,0.009153318077803204,1311
10,Distribution Systems,9,0.021451963,0.03445635528330781,0.01225114854517611,1306
10,Distribution Systems,10,0.01678012,0.037347560975609755,0.01600609756097561,1312
10,Distribution Systems,11,0.020497292,0.0409711684370258,0.015933232169954476,1318
10,Distribution Systems,12,0.01436317,0.0256797583081571,0.011329305135951661,1324
10,Domestic Water Distribution,1,0.116829515,0.1631054131054131,0.010683760683760684,1404
10,Domestic Water Distribution,2,0.12319314,0.1732776617954071,0.018789144050104383,1437
10,Domestic Water Distribution,3,0.124592215,0.16153319644079397,0.006160164271047228,1461
10,Domestic Water Distribution,4,0.11200407,0.14265335235378032,0.0042796005706134095,1402
10,Domestic Water Distribution,5,0.11505875,0.15037593984962405,0.014285714285714285,1330
10,Domestic Water Distribution,6,0.1244585,0.1671664167916042,0.009745127436281859,1334
10,Domestic Water Distribution,7,0.12032197,0.1699248120300752,0.009774436090225564,1330
10,Domestic Water Distribution,8,0.13557632,0.18592592592592594,0.007407407407407408,1350
10,Domestic Water Distribution,9,0.1211424,0.17134416543574593,0.013293943870014771,1354
10,Domestic Water Distribution,10,0.12428412,0.1625,0.013970588235294118,1360
10,Domestic Water Distribution,11,0.09892155,0.13333333333333333,0.004395604395604396,1365
10,Domestic Water Distribution,12,0.07771909,0.09784172661870504,0.007194244604316547,1390
10,Electrical Service & Distribution,1,0.0071551846,0.007142857142857143,0.07142857142857142,700
10,Electrical Service & Distribution,2,0.004237653,0.004225352112676056,0.08450704225352113,710
10,Electrical Service & Distribution,3,0.0040719183,0.0040595399188092015,0.04194857916102842,739
10,Electrical Service & Distribution,4,0.008253736,0.008241758241758242,0.042582417582417584,728
10,Electrical Service & Distribution,5,0.004099452,0.004087193460490463,0.031335149863760216,734
10,Electrical Service & Distribution,6,0.004066387,0.005405405405405406,0.04054054054054054,740
10,Electrical Service & Distribution,7,0.0096012205,0.009589041095890411,0.03972602739726028,730
10,Electrical Service & Distribution,8,0.008242792,0.00823045267489712,0.05075445816186557,729
10,Electrical Service & Distribution,9,0.008391228,0.008379888268156424,0.040502793296089384,716
10,Electrical Service & Distribution,10,0.007023595,0.0070126227208976155,0.05750350631136045,713
10,Electrical Service & Distribution,11,0.008461568,0.009859154929577466,0.04647887323943662,710
10,Electrical Service & Distribution,12,0.009997364,0.009985734664764621,0.042796005706134094,701
10,Elevators & Lifts,1,1.1128483e-05,0.0,0.0021929824561403508,456
10,Elevators & Lifts,2,0.0022039863,0.0021929824561403508,0.0043859649122807015,456
10,Elevators & Lifts,3,1.1217053e-05,0.0,0.0022222222222222222,450
10,Elevators & Lifts,4,1.1169468e-05,0.0,0.0,436
10,Elevators & Lifts,5,1.1213989e-05,0.0,0.0045351473922902496,441
10,Elevators & Lifts,6,1.0992218e-05,0.0,0.0022675736961451248,441
10,Elevators & Lifts,7,0.0022680466,0.002257336343115124,0.004514672686230248,443
10,Elevators & Lifts,8,0.0022530125,0.002242152466367713,0.004484304932735426,446
10,Elevators & Lifts,9,1.0716337e-05,0.0,0.0022727272727272726,440
10,Elevators & Lifts,10,1.0495187e-05,0.0,0.006787330316742082,442
10,Elevators & Lifts,11,0.0022831596,0.0022727272727272726,0.004545454545454545,440
10,Elevators & Lifts,12,0.0022630065,0.0022522522522522522,0.0,444
10,Energy Supply,1,0.050009668,0.05,0.05,20
10,Energy Supply,2,1.2283798e-05,0.0,0.0,20
10,Energy Supply,3,0.05000958,0.05,0.0,20
10,Energy Supply,4,1.28503225e-05,0.0,0.05555555555555555,18
10,Energy Supply,5,1.24454955e-05,0.0,0.0,15
10,Energy Supply,6,0.1666705,0.16666666666666666,0.0,18
10,Energy Supply,7,1.1760257e-05,0.0,0.0,17
10,Energy Supply,8,1.2167362e-05,0.0,0.0625,16
10,Energy Supply,9,1.1509834e-05,0.0,0.0,16
10,Energy Supply,10,1.1410194e-05,0.0,0.05555555555555555,18
10,Energy Supply,11,0.050008953,0.05,0.0,20
10,Energy Supply,12,1.1618642e-05,0.0,0.0,19
10,Escalators & Moving Walks,12,1.02319655e-05,0.0,0.0,1
10,Exterior Doors,1,0.002093536,0.002081165452653486,0.009365244536940686,961
10,Exterior Doors,2,0.0031568764,0.0041928721174004195,0.023060796645702306,954
10,Exterior Doors,3,0.00617877,0.006166495375128468,0.012332990750256937,973
10,Exterior Doors,4,0.0042361217,0.005279831045406547,0.01900739176346357,947
10,Exterior Doors,5,0.006540851,0.006528835690968444,0.009793253536452665,919
10,Exterior Doors,6,0.0021674747,0.0021551724137931034,0.010775862068965518,928
10,Exterior Doors,7,0.0053482195,0.005336179295624333,0.008537886872998933,937
10,Exterior Doors,8,0.0042138617,0.004201680672268907,0.004201680672268907,952
10,Exterior Doors,9,0.004178162,0.004166666666666667,0.007291666666666667,960
10,Exterior Doors,10,0.0031166119,0.003105590062111801,0.011387163561076604,966
10,Exterior Doors,11,0.0040884344,0.004077471967380225,0.00815494393476045,981
10,Exterior Doors,12,0.0020994951,0.0020876826722338203,0.006263048016701462,958
10,Exterior Walls,1,1.3044423e-05,0.0,0.03225806451612903,31
10,Exterior Walls,2,0.02632756,0.02631578947368421,0.02631578947368421,38
10,Exterior Walls,3,1.3323667e-05,0.0,0.0,37
10,Exterior Walls,4,1.2824471e-05,0.0,0.0,32
10,Exterior Walls,5,0.027789861,0.027777777777777776,0.0,36
10,Exterior Walls,6,1.2997386e-05,0.0,0.02857142857142857,35
10,Exterior Walls,7,1.18526095e-05,0.0,0.0,26
10,Exterior Walls,8,1.1893688e-05,0.0,0.0,27
10,Exterior Walls,9,1.1957011e-05,0.0,0.0,28
10,Exterior Walls,10,1.2342949e-05,0.0,0.03125,32
10,Exterior Walls,11,1.2034746e-05,0.0,0.03125,32
10,Exterior Walls,12,1.303515e-05,0.0,0.0,28
10,Exterior Windows,1,0.00371652,0.003703703703703704,0.14814814814814814,270
10,Exterior Windows,2,0.018951304,0.01893939393939394,0.1590909090909091,264
10,Exterior Windows,3,0.0153381135,0.01532567049808429,0.1724137931034483,261
10,Exterior Windows,4,0.011333319,0.011320754716981131,0.11320754716981132,265
10,Exterior Windows,5,0.014827295,0.014814814814814815,0.21481481481481482,270
10,Exterior Windows,6,0.03691111,0.03690036900369004,0.14760147601476015,271
10,Exterior Windows,7,0.007587535,0.007575757575757576,0.10227272727272728,264
10,Exterior Windows,8,0.018393908,0.01838235294117647,0.16544117647058823,272
10,Exterior Windows,9,0.010920565,0.014545454545454545,0.12727272727272726,275
10,Exterior Windows,10,0.031925365,0.03900709219858156,0.20212765957446807,282
10,Exterior Windows,11,0.0036882847,0.003676470588235294,0.12867647058823528,272
10,Exterior Windows,12,0.0147175705,0.014705882352941176,0.11764705882352941,272
10,Fire Protection Specialities,1,0.016054286,0.016042780748663103,0.0053475935828877,187
10,Fire Protection Specialities,2,0.0051668687,0.005154639175257732,0.015463917525773196,194
10,Fire Protection Specialities,3,0.010062343,0.010050251256281407,0.04522613065326633,199
10,Fire Protection Specialities,4,0.0052206744,0.005208333333333333,0.005208333333333333,192
10,Fire Protection Specialities,5,1.2570188e-05,0.0,0.010752688172043012,186
10,Fire Protection Specialities,6,0.010483058,0.010471204188481676,0.0,191
10,Fire Protection Specialities,7,0.0052749068,0.005263157894736842,0.005263157894736842,190
10,Fire Protection Specialities,8,1.2198197e-05,0.0,0.010050251256281407,199
10,Fire Protection Specialities,9,0.0050365236,0.005025125628140704,0.005025125628140704,199
10,Fire Protection Specialities,10,0.0050616157,0.005050505050505051,0.0,198
10,Fire Protection Specialities,11,0.010373486,0.010362694300518135,0.010362694300518135,193
10,Fire Protection Specialities,12,1.18993985e-05,0.0,0.0,192
10,Fittings,1,1.2889931e-05,0.0,0.0,12
10,Fittings,2,1.2814469e-05,0.0,0.0,13
10,Fittings,3,0.062510684,0.0625,0.0,16
10,Fittings,4,1.3740242e-05,0.0,0.0,17
10,Fittings,5,1.4126061e-05,0.0,0.0,16
10,Fittings,6,0.07693256,0.07692307692307693,0.0,13
10,Fittings,7,1.35734235e-05,0.0,0.0,13
10,Fittings,8,1.3678211e-05,0.0,0.14285714285714285,14
10,Fittings,9,1.3274129e-05,0.0,0.0,14
10,Fittings,10,1.2811413e-05,0.0,0.0,13
10,Fittings,11,1.2181953e-05,0.0,0.0,12
10,Fittings,12,1.2736247e-05,0.0,0.0,12
10,Fixed Furnishings,1,0.0067241183,0.006711409395973154,0.11073825503355705,298
10,Fixed Furnishings,2,0.009979195,0.009966777408637873,0.09302325581395349,301
10,Fixed Furnishings,3,0.009506473,0.012658227848101266,0.10443037974683544,316
10,Fixed Furnishings,4,0.016089693,0.01607717041800643,0.07395498392282958,311
10,Fixed Furnishings,5,0.0066354056,0.013245033112582781,0.056291390728476824,302
10,Fixed Furnishings,6,0.00981646,0.00980392156862745,0.05555555555555555,306
10,Fixed Furnishings,7,0.0064638653,0.0064516129032258064,0.04838709677419355,310
10,Fixed Furnishings,8,0.009627719,0.01282051282051282,0.060897435897435896,312
10,Fixed Furnishings,9,0.012750515,0.012738853503184714,0.06369426751592357,314
10,Fixed Furnishings,10,0.012750033,0.012738853503184714,0.06050955414012739,314
10,Fixed Furnishings,11,0.013300365,0.013289036544850499,0.07973421926910298,301
10,Fixed Furnishings,12,0.006634947,0.006622516556291391,0.076158940397351,302
10,Floor Construction,1,1.2320937e-05,0.0,0.0,1
10,Floor Construction,2,1.507918e-05,0.0,0.0,1
10,Floor Construction,3,1.2277386e-05,0.0,0.0,1
10,Floor Construction,5,0.4999923,0.5,0.0,2
10,Floor Construction,8,1.4807446e-05,0.0,0.0,2
10,Floor Construction,9,1.1174596e-05,0.0,0.0,1
10,Floor Construction,10,1.090781e-05,0.0,0.0,1
10,Floor Construction,12,1.1250977e-05,0.0,0.0,1
10,Floor Finishes,1,0.021910543,0.021897810218978103,0.04744525547445255,274
10,Floor Finishes,2,0.011002224,0.01098901098901099,0.03296703296703297,273
10,Floor Finishes,3,0.02546718,0.025454545454545455,0.02909090909090909,275
10,Floor Finishes,4,0.024747428,0.03180212014134275,0.028268551236749116,283
10,Floor Finishes,5,0.02818124,0.028169014084507043,0.035211267605633804,284
10,Floor Finishes,6,0.020773549,0.020761245674740483,0.04152249134948097,289
10,Floor Finishes,7,0.013853037,0.01384083044982699,0.02768166089965398,289
10,Floor Finishes,8,0.034257714,0.03767123287671233,0.05821917808219178,292
10,Floor Finishes,9,0.024572514,0.02456140350877193,0.03508771929824561,285
10,Floor Finishes,10,0.03461244,0.04152249134948097,0.04152249134948097,289
10,Floor Finishes,11,0.03874303,0.03873239436619718,0.02112676056338028,284
10,Floor Finishes,12,0.021990217,0.02564102564102564,0.01098901098901099,273
10,General,1,0.009078012,0.012692656391659111,0.0027198549410698096,1103
10,General,2,0.00694406,0.006932409012131715,0.016464471403812825,1154
10,General,3,0.00947809,0.013769363166953529,0.0189328743545611,1162
10,General,4,0.0043521198,0.006944444444444444,0.004340277777777778,1152
10,General,5,0.0071798926,0.008064516129032258,0.011648745519713262,1116
10,General,6,0.0045158803,0.005405405405405406,0.0036036036036036037,1110
10,General,7,0.0116702495,0.012556053811659192,0.008968609865470852,1115
10,General,8,0.008916097,0.009795191451469279,0.007123775601068566,1123
10,General,9,0.0071346797,0.007123775601068566,0.008014247551202136,1123
10,General,10,0.007960949,0.007950530035335688,0.014134275618374558,1132
10,General,11,0.007096576,0.0070859167404783,0.0070859167404783,1129
10,General,12,0.00452422,0.004512635379061372,0.002707581227436823,1108
10,Hazardous Components Abatement,8,1.3435227e-05,0.0,0.0,1
10,Hazardous Components Abatement,9,1.1598545e-05,0.0,0.0,1
10,Hazardous Components Abatement,12,1.22525535e-05,0.0,0.0,1
10,Hazardous Waste Remediation,5,1.2786792e-05,0.0,0.0,1
10,Hazardous Waste Remediation,11,1.1228392e-05,0.0,0.0,1
10,Heat Generation Systems,1,0.055662286,0.05733558178752108,0.006745362563237774,593
10,Heat Generation Systems,2,0.03524863,0.03523489932885906,0.003355704697986577,596
10,Heat Generation Systems,3,0.05528956,0.06365159128978225,0.010050251256281407,597
10,Heat Generation Systems,4,0.036034618,0.036020583190394515,0.0,583
10,Heat Generation Systems,5,0.04341654,0.043402777777777776,0.001736111111111111,576
10,Heat Generation Systems,6,0.043643575,0.0506108202443281,0.0017452006980802793,573
10,Heat Generation Systems,7,0.048456047,0.050173010380622836,0.0034602076124567475,578
10,Heat Generation Systems,8,0.05200631,0.0658578856152513,0.0034662045060658577,577
10,Heat Generation Systems,9,0.03396917,0.03735144312393888,0.003395585738539898,589
10,Heat Generation Systems,10,0.02031821,0.02030456852791878,0.00338409475465313,591
10,Heat Generation Systems,11,0.04075926,0.04923599320882852,0.0,589
10,Heat Generation Systems,12,0.018914418,0.020618556701030927,0.005154639175257732,582
10,Inspection,1,1.2135707e-05,0.0,0.0,316
10,Inspection,2,1.20952955e-05,0.0,0.0,313
10,Inspection,3,1.2160574e-05,0.0,0.0,317
10,Inspection,4,1.2232047e-05,0.0,0.0,317
10,Inspection,5,1.2266045e-05,0.0,0.0,315
10,Inspection,6,1.2410886e-05,0.0,0.0,327
10,Inspection,7,1.1940278e-05,0.0,0.0,319
10,Inspection,8,1.1858208e-05,0.0,0.0,331
10,Inspection,9,1.1611461e-05,0.0,0.0,319
10,Inspection,10,1.1311395e-05,0.0,0.0,322
10,Inspection,11,1.1377482e-05,0.0,0.0,320
10,Inspection,12,1.1846157e-05,0.0,0.0,321
10,Institutional Equipment,1,0.065882415,0.0688622754491018,0.0029940119760479044,334
10,Institutional Equipment,2,0.061779004,0.07941176470588235,0.08823529411764706,340
10,Institutional Equipment,3,0.0714428,0.12285714285714286,0.037142857142857144,350
10,Institutional Equipment,4,0.0771567,0.14,0.002857142857142857,350
10,Institutional Equipment,5,0.033148907,0.06325301204819277,0.018072289156626505,332
10,Institutional Equipment,6,0.05358668,0.0744047619047619,0.011904761904761904,336
10,Institutional Equipment,7,0.059716262,0.08059701492537313,0.023880597014925373,335
10,Institutional Equipment,8,0.068263404,0.10979228486646884,0.008902077151335312,337
10,Institutional Equipment,9,0.05672994,0.06865671641791045,0.014925373134328358,335
10,Institutional Equipment,10,0.056899358,0.1347305389221557,0.038922155688622756,334
10,Institutional Equipment,11,0.07554061,0.12386706948640483,0.0,331
10,Institutional Equipment,12,0.043224525,0.05555555555555555,0.015432098765432098,324
10,Interior Doors,1,0.03468498,0.035752979414951244,0.11375947995666305,923
10,Interior Doors,2,0.025439544,0.02754237288135593,0.1504237288135593,944
10,Interior Doors,3,0.035876572,0.040983606557377046,0.1721311475409836,976
10,Interior Doors,4,0.0321404,0.03626943005181347,0.1316062176165803,965
10,Interior Doors,5,0.026188478,0.029443838604143947,0.11123227917121047,917
10,Interior Doors,6,0.028338471,0.02832244008714597,0.11982570806100218,918
10,Interior Doors,7,0.0295892,0.03066812705366922,0.11610076670317634,913
10,Interior Doors,8,0.025016682,0.030434782608695653,0.10326086956521739,920
10,Interior Doors,9,0.046854813,0.05337690631808279,0.12745098039215685,918
10,Interior Doors,10,0.035535898,0.03982777179763186,0.13670613562970937,929
10,Interior Doors,11,0.025932265,0.028077753779697623,0.11663066954643629,926
10,Interior Doors,12,0.014161742,0.014145810663764961,0.07616974972796518,919
10,Interior Windows,1,1.244295e-05,0.0,0.19428571428571428,175
10,Interior Windows,2,1.2379769e-05,0.0,0.16279069767441862,172
10,Interior Windows,3,1.2506608e-05,0.0,0.1893491124260355,169
10,Interior Windows,4,1.2453456e-05,0.0,0.14035087719298245,171
10,Interior Windows,5,0.011506048,0.011494252873563218,0.16091954022988506,174
10,Interior Windows,6,1.20197865e-05,0.0,0.10795454545454546,176
10,Interior Windows,7,0.005825548,0.005813953488372093,0.08139534883720931,172
10,Interior Windows,8,1.2132377e-05,0.0,0.192090395480226,177
10,Interior Windows,9,0.00559794,0.00558659217877095,0.18994413407821228,179
10,Interior Windows,10,1.1274027e-05,0.0,0.15168539325842698,178
10,Interior Windows,11,0.0055975406,0.00558659217877095,0.1452513966480447,179
10,Interior Windows,12,0.005725809,0.005714285714285714,0.2,175
10,Landscaping,1,1.2386431e-05,0.0,0.0,18
10,Landscaping,2,1.235858e-05,0.0,0.0,17
10,Landscaping,3,1.2427979e-05,0.0,0.0,15
10,Landscaping,4,1.223092e-05,0.0,0.0,15
10,Landscaping,5,1.25570605e-05,0.0,0.0,16
10,Landscaping,6,1.2585271e-05,0.0,0.0,17
10,Landscaping,7,1.2622417e-05,0.0,0.0,18
10,Landscaping,8,1.2411139e-05,0.0,0.0,18
10,Landscaping,9,1.1696331e-05,0.0,0.0,18
10,Landscaping,10,1.1525089e-05,0.0,0.0,18
10,Landscaping,11,1.0955029e-05,0.0,0.0,17
10,Landscaping,12,1.1681582e-05,0.0,0.0,18
10,Lighting and Branch Wiring,1,0.0035008679,0.0034891835310537334,0.08304256803907886,1433
10,Lighting and Branch Wiring,2,0.006781904,0.006770480704129994,0.11103588354773189,1477
10,Lighting and Branch Wiring,3,0.006642742,0.006631299734748011,0.08222811671087533,1508
10,Lighting and Branch Wiring,4,0.013344359,0.014666666666666666,0.062,1500
10,Lighting and Branch Wiring,5,0.0038877968,0.004651162790697674,0.06589147286821706,1290
10,Lighting and Branch Wiring,6,0.007902559,0.007890961262553802,0.04949784791965567,1394
10,Lighting and Branch Wiring,7,0.0049350685,0.009142053445850914,0.06258790436005626,1422
10,Lighting and Branch Wiring,8,0.007769792,0.007757404795486601,0.06488011283497884,1418
10,Lighting and Branch Wiring,9,0.0071235118,0.007112375533428165,0.05903271692745377,1406
10,Lighting and Branch Wiring,10,0.00634395,0.007037297677691766,0.048557353976073185,1421
10,Lighting and Branch Wiring,11,0.0063753324,0.006364922206506365,0.08062234794908062,1414
10,Lighting and Branch Wiring,12,0.006313762,0.0063025210084033615,0.049019607843137254,1428
10,Movable Furnishings,1,1.2456464e-05,0.0,0.09565217391304348,115
10,Movable Furnishings,2,1.2398711e-05,0.0,0.1440677966101695,118
10,Movable Furnishings,3,1.2811076e-05,0.0,0.11403508771929824,114
10,Movable Furnishings,4,0.0088618025,0.008849557522123894,0.12389380530973451,113
10,Movable Furnishings,5,0.017710852,0.017699115044247787,0.04424778761061947,113
10,Movable Furnishings,6,1.2467505e-05,0.0,0.043478260869565216,115
10,Movable Furnishings,7,1.2189637e-05,0.0,0.05172413793103448,116
10,Movable Furnishings,8,1.2361609e-05,0.0,0.0423728813559322,118
10,Movable Furnishings,9,1.21224275e-05,0.0,0.13008130081300814,123
10,Movable Furnishings,10,1.1692801e-05,0.0,0.11764705882352941,119
10,Movable Furnishings,11,1.1515722e-05,0.0,0.05128205128205128,117
10,Movable Furnishings,12,1.2131913e-05,0.0,0.043478260869565216,115
10,Other Conveying Systems,1,0.0666759,0.06666666666666667,0.0,15
10,Other Conveying Systems,2,1.2488823e-05,0.0,0.0,14
10,Other Conveying Systems,3,0.07693164,0.07692307692307693,0.0,13
10,Other Conveying Systems,4,1.32377745e-05,0.0,0.0,12
10,Other Conveying Systems,5,1.32973255e-05,0.0,0.0,11
10,Other Conveying Systems,6,1.3876648e-05,0.0,0.0,10
10,Other Conveying Systems,7,1.3905968e-05,0.0,0.0,10
10,Other Conveying Systems,8,1.3528307e-05,0.0,0.0,11
10,Other Conveying Systems,9,1.3254291e-05,0.0,0.0,11
10,Other Conveying Systems,10,1.1222459e-05,0.0,0.0,12
10,Other Conveying Systems,11,1.1078572e-05,0.0,0.0,13
10,Other Conveying Systems,12,1.1824521e-05,0.0,0.0,13
10,Other Electrical Systems,1,1.2193896e-05,0.0,0.0035587188612099642,281
10,Other Electrical Systems,2,0.011163976,0.011152416356877323,0.0,269
10,Other Electrical Systems,3,0.0035965724,0.0035842293906810036,0.017921146953405017,279
10,Other Electrical Systems,4,0.003622324,0.007220216606498195,0.0036101083032490976,277
10,Other Electrical Systems,5,1.23647715e-05,0.0,0.017921146953405017,279
10,Other Electrical Systems,6,1.1949099e-05,0.0,0.003663003663003663,273
10,Other Electrical Systems,7,0.0036478718,0.0036363636363636364,0.0,275
10,Other Electrical Systems,8,1.1721752e-05,0.0,0.0,278
10,Other Electrical Systems,9,1.1348436e-05,0.0,0.0,285
10,Other Electrical Systems,10,1.1067406e-05,0.0,0.0034129692832764505,293
10,Other Electrical Systems,11,0.006955099,0.006944444444444444,0.0,288
10,Other Electrical Systems,12,0.007179761,0.007168458781362007,0.0,279
10,Other Equipment,1,0.009767859,0.00975609756097561,0.014634146341463415,205
10,Other Equipment,2,0.0049141096,0.004901960784313725,0.004901960784313725,204
10,Other Equipment,3,1.2653566e-05,0.0,0.004901960784313725,204
10,Other Equipment,4,1.2594593e-05,0.0,0.009708737864077669,206
10,Other Equipment,5,1.2602676e-05,0.0,0.010050251256281407,199
10,Other Equipment,6,0.0047968044,0.004784688995215311,0.009569377990430622,209
10,Other Equipment,7,1.1714942e-05,0.0,0.01015228426395939,197
10,Other Equipment,8,0.005036644,0.005025125628140704,0.005025125628140704,199
10,Other Equipment,9,0.0047064833,0.004694835680751174,0.0,213
10,Other Equipment,10,0.0048421547,0.004830917874396135,0.004830917874396135,207
10,Other Equipment,11,1.1595603e-05,0.0,0.01,200
10,Other Equipment,12,0.0050369105,0.005025125628140704,0.010050251256281407,199
10,Other Fire Protection Systems,1,1.1287877e-05,0.0,0.0,9
10,Other Fire Protection Systems,2,1.144586e-05,0.0,0.0,9
10,Other Fire Protection Systems,3,1.14000595e-05,0.0,0.0,9
10,Other Fire Protection Systems,4,1.1441585e-05,0.0,0.0,12
10,Other Fire Protection Systems,5,1.2175573e-05,0.0,0.0,11
10,Other Fire Protection Systems,6,1.1062144e-05,0.0,0.0,9
10,Other Fire Protection Systems,7,1.1262617e-05,0.0,0.0,10
10,Other Fire Protection Systems,8,1.1009377e-05,0.0,0.0,10
10,Other Fire Protection Systems,9,1.0806994e-05,0.0,0.0,9
10,Other Fire Protection Systems,10,1.0888149e-05,0.0,0.0,8
10,Other Fire Protection Systems,11,1.0060836e-05,0.0,0.0,8
10,Other Fire Protection Systems,12,1.0563631e-05,0.0,0.0,9
10,Other HVAC Systems & Equipment,1,0.015398965,0.015384615384615385,0.002197802197802198,455
10,Other HVAC Systems & Equipment,2,0.010860201,0.010845986984815618,0.008676789587852495,461
10,Other HVAC Systems & Equipment,3,0.023775665,0.0297029702970297,0.0,505
10,Other HVAC Systems & Equipment,4,0.018195327,0.01818181818181818,0.00202020202020202,495
10,Other HVAC Systems & Equipment,5,0.019326648,0.02145922746781116,0.0,466
10,Other HVAC Systems & Equipment,6,0.021991184,0.026373626373626374,0.004395604395604396,455
10,Other HVAC Systems & Equipment,7,0.026328595,0.03070175438596491,0.0,456
10,Other HVAC Systems & Equipment,8,0.03290744,0.046052631578947366,0.006578947368421052,456
10,Other HVAC Systems & Equipment,9,0.026328286,0.039473684210526314,0.0021929824561403508,456
10,Other HVAC Systems & Equipment,10,0.032978658,0.05714285714285714,0.0,455
10,Other HVAC Systems & Equipment,11,0.024134975,0.03070175438596491,0.0021929824561403508,456
10,Other HVAC Systems & Equipment,12,0.015364317,0.019736842105263157,0.0,456
10,Other Plumbing Systems,1,0.011001239,0.01098901098901099,0.0,364
10,Other Plumbing Systems,2,0.013452822,0.013440860215053764,0.008064516129032258,372
10,Other Plumbing Systems,3,0.017914569,0.020460358056265986,0.0,391
10,Other Plumbing Systems,4,1.2514435e-05,0.0,0.0,394
10,Other Plumbing Systems,5,0.011539162,0.011527377521613832,0.0,347
10,Other Plumbing Systems,6,0.0028859952,0.0028735632183908046,0.008620689655172414,348
10,Other Plumbing Systems,7,0.014096466,0.014084507042253521,0.0028169014084507044,355
10,Other Plumbing Systems,8,0.0027673843,0.008264462809917356,0.0027548209366391185,363
10,Other Plumbing Systems,9,0.008321859,0.008310249307479225,0.0,361
10,Other Plumbing Systems,10,0.013899468,0.013888888888888888,0.002777777777777778,360
10,Other Plumbing Systems,11,0.008367386,0.008356545961002786,0.005571030640668524,359
10,Other Plumbing Systems,12,0.0027973794,0.002785515320334262,0.0,359
10,Patritions,1,1.2216738e-05,0.0,0.025,40
10,Patritions,2,1.247802e-05,0.0,0.0,44
10,Patritions,3,1.2817035e-05,0.0,0.023255813953488372,43
10,Patritions,4,1.2330257e-05,0.0,0.022727272727272728,44
10,Patritions,5,1.2396793e-05,0.0,0.023255813953488372,43
10,Patritions,6,0.022738041,0.022727272727272728,0.022727272727272728,44
10,Patritions,7,1.1764751e-05,0.0,0.022727272727272728,44
10,Patritions,8,0.022232903,0.022222222222222223,0.0,45
10,Patritions,9,1.12348e-05,0.0,0.0,43
10,Patritions,10,1.1005226e-05,0.0,0.0,40
10,Patritions,11,1.1277648e-05,0.0,0.02564102564102564,39
10,Patritions,12,1.1902812e-05,0.0,0.0,39
10,Pedestrian Paving,1,1.5752768e-05,0.0,0.0,3
10,Pedestrian Paving,2,1.2481936e-05,0.0,0.0,2
10,Pedestrian Paving,3,1.5443158e-05,0.0,0.0,1
10,Pedestrian Paving,4,1.638361e-05,0.0,0.0,1
10,Pedestrian Paving,5,1.7033255e-05,0.0,0.3333333333333333,3
10,Pedestrian Paving,6,1.2401459e-05,0.0,0.0,2
10,Pedestrian Paving,7,1.7679846e-05,0.0,0.0,1
10,Pedestrian Paving,8,1.4056952e-05,0.0,0.0,1
10,Pedestrian Paving,9,1.2878036e-05,0.0,0.0,1
10,Plumbing Fixtures,1,0.33399624,0.708253358925144,0.05950095969289827,1042
10,Plumbing Fixtures,2,0.3259693,0.6555863342566943,0.08679593721144968,1083
10,Plumbing Fixtures,3,0.33635604,0.6735611510791367,0.07284172661870504,1112
10,Plumbing Fixtures,4,0.27601865,0.5657773689052438,0.07359705611775529,1087
10,Plumbing Fixtures,5,0.25471836,0.5508390918065152,0.050345508390918066,1013
10,Plumbing Fixtures,6,0.27149928,0.5162882527147088,0.0631786771964462,1013
10,Plumbing Fixtures,7,0.25076076,0.4478048780487805,0.05170731707317073,1025
10,Plumbing Fixtures,8,0.27124628,0.5131707317073171,0.04097560975609756,1025
10,Plumbing Fixtures,9,0.28185192,0.5928085519922255,0.05442176870748299,1029
10,Plumbing Fixtures,10,0.31173605,0.6602129719264279,0.07841239109390126,1033
10,Plumbing Fixtures,11,0.28172845,0.5711519845111326,0.06389157792836399,1033
10,Plumbing Fixtures,12,0.23720232,0.45111326234269117,0.0377541142303969,1033
10,Rain Water Drainage,1,0.0053605256,0.0053475935828877,0.012477718360071301,561
10,Rain Water Drainage,2,0.0017922897,0.0017793594306049821,0.008896797153024912,562
10,Rain Water Drainage,3,0.0050465753,0.0050335570469798654,0.0050335570469798654,596
10,Rain Water Drainage,4,0.010113793,0.010101010101010102,0.018518518518518517,594
10,Rain Water Drainage,5,0.027789481,0.03125,0.020833333333333332,576
10,Rain Water Drainage,6,0.010340041,0.010327022375215147,0.0068846815834767644,581
10,Rain Water Drainage,7,0.008530741,0.008517887563884156,0.008517887563884156,587
10,Rain Water Drainage,8,0.0034202344,0.0034071550255536627,0.013628620102214651,587
10,Rain Water Drainage,9,0.013757427,0.015463917525773196,0.012027491408934709,582
10,Rain Water Drainage,10,0.015475034,0.01718213058419244,0.006872852233676976,582
10,Rain Water Drainage,11,0.0087071825,0.008695652173913044,0.008695652173913044,575
10,Rain Water Drainage,12,0.010594119,0.010582010582010581,0.007054673721340388,567
10,Roof Construction,1,1.3382772e-05,0.0,0.0,1
10,Roof Construction,3,1.16891115e-05,0.0,0.0,1
10,Roof Construction,6,1.1806095e-05,0.0,0.0,1
10,Roof Construction,7,1.73248e-05,0.0,0.5,2
10,Roof Construction,8,1.4253539e-05,0.0,0.0,1
10,Roof Construction,9,1.1678616e-05,0.0,1.0,1
10,Roof Construction,10,1.0147685e-05,0.0,0.0,1
10,Roof Converings,1,0.06966262,0.06965174129353234,0.0,201
10,Roof Converings,2,0.04501183,0.045,0.005,200
10,Roof Converings,3,0.054198857,0.059113300492610835,0.0049261083743842365,203
10,Roof Converings,4,0.048555277,0.05339805825242718,0.0,206
10,Roof Converings,5,0.074084915,0.0787037037037037,0.027777777777777776,216
10,Roof Converings,6,0.06191579,0.06666666666666667,0.004761904761904762,210
10,Roof Converings,7,0.063117415,0.06796116504854369,0.0,206
10,Roof Converings,8,0.07799222,0.0871559633027523,0.013761467889908258,218
10,Roof Converings,9,0.052895762,0.052884615384615384,0.0,208
10,Roof Converings,10,0.06797161,0.06796116504854369,0.0048543689320388345,206
10,Roof Converings,11,0.02488797,0.024875621890547265,0.0,201
10,Roof Converings,12,0.024522325,0.024509803921568627,0.004901960784313725,204
10,Roof Openings,1,1.2660767e-05,0.0,0.044444444444444446,45
10,Roof Openings,2,0.02128827,0.02127659574468085,0.0425531914893617,47
10,Roof Openings,3,1.2650561e-05,0.0,0.022727272727272728,44
10,Roof Openings,4,1.2550543e-05,0.0,0.0,45
10,Roof Openings,5,0.022233529,0.022222222222222223,0.022222222222222223,45
10,Roof Openings,6,1.2424496e-05,0.0,0.02040816326530612,49
10,Roof Openings,7,0.023266645,0.023255813953488372,0.06976744186046512,43
10,Roof Openings,8,0.025010904,0.025,0.025,40
10,Roof Openings,9,0.023266152,0.023255813953488372,0.0,43
10,Roof Openings,10,0.042562485,0.0425531914893617,0.0,47
10,Roof Openings,11,0.04762787,0.047619047619047616,0.023809523809523808,42
10,Roof Openings,12,1.21642215e-05,0.0,0.0,45
10,Sanitary Waste,1,0.070764005,0.07648183556405354,0.04206500956022945,523
10,Sanitary Waste,2,0.041765373,0.04364326375711575,0.06451612903225806,527
10,Sanitary Waste,3,0.081954576,0.0856610800744879,0.05027932960893855,537
10,Sanitary Waste,4,0.079500474,0.11460258780036968,0.04621072088724584,541
10,Sanitary Waste,5,0.04168687,0.04924242424242424,0.0625,528
10,Sanitary Waste,6,0.06853688,0.07962962962962963,0.05740740740740741,540
10,Sanitary Waste,7,0.07636773,0.0782122905027933,0.0335195530726257,537
10,Sanitary Waste,8,0.06483338,0.06666666666666667,0.04259259259259259,540
10,Sanitary Waste,9,0.05630307,0.05628517823639775,0.0450281425891182,533
10,Sanitary Waste,10,0.104492776,0.11380597014925373,0.055970149253731345,536
10,Sanitary Waste,11,0.052847944,0.062264150943396226,0.03018867924528302,530
10,Sanitary Waste,12,0.047911163,0.04789272030651341,0.01532567049808429,522
10,Site Development,1,1.2046379e-05,0.0,0.0,5
10,Site Development,2,1.2381756e-05,0.0,0.0,7
10,Site Development,3,1.3352522e-05,0.0,0.0,8
10,Site Development,4,1.3025517e-05,0.0,0.0,9
10,Site Development,5,1.3342181e-05,0.0,0.0,8
10,Site Development,6,1.2547923e-05,0.0,0.0,9
10,Site Development,7,1.3186201e-05,0.0,0.1111111111111111,9
10,Site Development,8,1.2303318e-05,0.0,0.0,8
10,Site Development,9,1.0929644e-05,0.0,0.0,6
10,Site Development,10,1.1018005e-05,0.0,0.0,9
10,Site Development,11,1.0846649e-05,0.0,0.0,8
10,Site Development,12,0.14286187,0.14285714285714285,0.0,7
10,Site Lighting,1,1.3500721e-05,0.0,0.0,5
10,Site Lighting,2,1.3243416e-05,0.0,0.0,4
10,Site Lighting,3,1.4063475e-05,0.0,0.0,4
10,Site Lighting,4,1.3157135e-05,0.0,0.0,3
10,Site Lighting,5,0.3333306,0.3333333333333333,0.0,3
10,Site Lighting,6,1.2080387e-05,0.0,0.0,2
10,Site Lighting,7,1.2899346e-05,0.0,0.0,3
10,Site Lighting,8,1.0951328e-05,0.0,0.0,2
10,Site Lighting,9,1.1073542e-05,0.0,0.0,3
10,Site Lighting,10,1.1115217e-05,0.0,0.0,2
10,Site Lighting,11,1.1333782e-05,0.0,0.0,3
10,Site Lighting,12,0.20000128,0.2,0.0,5
10,Slab on Grade,8,1.5094525e-05,0.0,0.0,2
10,Special Construction Systems,1,6.59384e-06,0.0,1.0,1
10,Special Construction Systems,2,1.1987084e-05,0.0,0.0,1
10,Special Construction Systems,3,1.14985005e-05,0.0,0.0,1
10,Special Facilities,1,0.020012124,0.02,0.013333333333333334,150
10,Special Facilities,2,0.019120758,0.01910828025477707,0.006369426751592357,157
10,Special Facilities,3,0.020146659,0.020134228187919462,0.0,149
10,Special Facilities,4,0.020282533,0.02027027027027027,0.006756756756756757,148
10,Special Facilities,5,0.020146444,0.020134228187919462,0.0,149
10,Special Facilities,6,0.013170478,0.013157894736842105,0.0,152
10,Special Facilities,7,0.019366696,0.01935483870967742,0.0,155
10,Special Facilities,8,0.012751025,0.012738853503184714,0.006369426751592357,157
10,Special Facilities,9,0.013256741,0.013245033112582781,0.0,151
10,Special Facilities,10,0.0065055024,0.006493506493506494,0.0,154
10,Special Facilities,11,1.2421619e-05,0.0,0.0,151
10,Special Facilities,12,0.0065485355,0.006535947712418301,0.0,153
10,Sprinklers,1,0.018022455,0.01972555746140652,0.006003430531732418,1166
10,Sprinklers,2,0.01336783,0.014190317195325543,0.035058430717863104,1198
10,Sprinklers,3,0.013137615,0.015586546349466776,0.016406890894175553,1219
10,Sprinklers,4,0.012358056,0.013991769547325103,0.011522633744855968,1215
10,Sprinklers,5,0.018344056,0.021998166819431713,0.00916590284142988,1091
10,Sprinklers,6,0.015637383,0.015625,0.02022058823529412,1088
10,Sprinklers,7,0.009738807,0.009725906277630416,0.011494252873563218,1131
10,Sprinklers,8,0.014899603,0.016637478108581436,0.012259194395796848,1142
10,Sprinklers,9,0.01217566,0.01216333622936577,0.019113814074717638,1151
10,Sprinklers,10,0.009477601,0.00946643717728055,0.012048192771084338,1162
10,Sprinklers,11,0.012964533,0.013816925734024179,0.0034542314335060447,1158
10,Sprinklers,12,0.012080906,0.025,0.007758620689655172,1160
10,Stair Construction,1,1.236172e-05,0.0,0.018518518518518517,54
10,Stair Construction,2,1.2424075e-05,0.0,0.0,54
10,Stair Construction,3,1.2628746e-05,0.0,0.018518518518518517,54
10,Stair Construction,4,1.2475259e-05,0.0,0.018518518518518517,54
10,Stair Construction,5,1.244885e-05,0.0,0.017857142857142856,56
10,Stair Construction,6,1.24543e-05,0.0,0.017857142857142856,56
10,Stair Construction,7,1.20431805e-05,0.0,0.037037037037037035,54
10,Stair Construction,8,1.2154932e-05,0.0,0.037037037037037035,54
10,Stair Construction,9,1.1859241e-05,0.0,0.0,51
10,Stair Construction,10,1.1653244e-05,0.0,0.017857142857142856,56
10,Stair Construction,11,1.1724594e-05,0.0,0.018867924528301886,53
10,Stair Construction,12,1.2257179e-05,0.0,0.018867924528301886,53
10,Stair Finishes,1,0.017555507,0.017543859649122806,0.0,57
10,Stair Finishes,2,1.26778805e-05,0.0,0.03636363636363636,55
10,Stair Finishes,3,0.016961453,0.01694915254237288,0.01694915254237288,59
10,Stair Finishes,4,1.3123144e-05,0.0,0.0,59
10,Stair Finishes,5,1.3518523e-05,0.0,0.0,59
10,Stair Finishes,6,0.017869247,0.03571428571428571,0.017857142857142856,56
10,Stair Finishes,7,1.22104775e-05,0.0,0.01818181818181818,55
10,Stair Finishes,8,1.23544705e-05,0.0,0.0,55
10,Stair Finishes,9,0.018529382,0.018518518518518517,0.018518518518518517,54
10,Stair Finishes,10,1.1468734e-05,0.0,0.0,52
10,Stair Finishes,11,1.14620825e-05,0.0,0.01818181818181818,55
10,Stair Finishes,12,1.2197556e-05,0.0,0.0,54
10,Standpipes,2,0.4999847,1.0,0.0,2
10,Standpipes,4,1.1911452e-05,0.0,0.0,1
10,Standpipes,6,1.3984463e-05,0.0,0.0,2
10,Standpipes,8,1.0533831e-05,0.0,0.0,1
10,Standpipes,9,1.11449845e-05,0.0,0.0,2
10,Standpipes,10,1.1751917e-05,0.0,0.0,1
10,Standpipes,11,0.49998245,0.5,0.0,2
10,Standpipes,12,0.99996436,1.0,0.0,1
10,Systems Testing & Balancing,1,1.279e-05,0.0,0.0,141
10,Systems Testing & Balancing,2,0.0069089723,0.006896551724137931,0.0,145
10,Systems Testing & Balancing,3,1.2926581e-05,0.0,0.0,144
10,Systems Testing & Balancing,4,1.2842093e-05,0.0,0.0,150
10,Systems Testing & Balancing,5,0.0133456215,0.013333333333333334,0.0,150
10,Systems Testing & Balancing,6,0.019619673,0.0196078431372549,0.0,153
10,Systems Testing & Balancing,7,0.006634491,0.006622516556291391,0.0,151
10,Systems Testing & Balancing,8,0.019492136,0.01948051948051948,0.0,154
10,Systems Testing & Balancing,9,0.019491708,0.01948051948051948,0.0,154
10,Systems Testing & Balancing,10,1.1945806e-05,0.0,0.0,152
10,Systems Testing & Balancing,11,1.1884743e-05,0.0,0.0,144
10,Systems Testing & Balancing,12,1.235705e-05,0.0,0.0,138
10,Terminal & Package Units,1,0.028387884,0.032975460122699383,0.009202453987730062,1304
10,Terminal & Package Units,2,0.016898086,0.019953952417498082,0.016116653875671526,1303
10,Terminal & Package Units,3,0.015165651,0.01893939393939394,0.01818181818181818,1320
10,Terminal & Package Units,4,0.020534527,0.022099447513812154,0.01578531965272297,1267
10,Terminal & Package Units,5,0.03156634,0.03640776699029126,0.012944983818770227,1236
10,Terminal & Package Units,6,0.028494427,0.03560126582278481,0.02531645569620253,1264
10,Terminal & Package Units,7,0.029747747,0.036776212832550864,0.018779342723004695,1278
10,Terminal & Package Units,8,0.029079042,0.04399057344854674,0.016496465043205028,1273
10,Terminal & Package Units,9,0.026658667,0.034482758620689655,0.016457680250783698,1276
10,Terminal & Package Units,10,0.026492173,0.030373831775700934,0.01557632398753894,1284
10,Terminal & Package Units,11,0.017981522,0.01875,0.0078125,1280
10,Terminal & Package Units,12,0.008607814,0.009375,0.003125,1280
10,Unclassified,1,1.0042859e-05,0.0,0.0,699
10,Unclassified,2,1.0020743e-05,0.0,0.0,700
10,Unclassified,3,1.02242575e-05,0.0,0.0,718
10,Unclassified,4,1.0203544e-05,0.0,0.0,723
10,Unclassified,5,1.0027972e-05,0.0,0.0,716
10,Unclassified,6,9.865747e-06,0.0,0.0,717
10,Unclassified,7,9.521353e-06,0.0,0.0,728
10,Unclassified,8,9.5232335e-06,0.0,0.0,736
10,Unclassified,9,9.200653e-06,0.0,0.0,750
10,Unclassified,10,9.039984e-06,0.0,0.0,752
10,Unclassified,11,9.093449e-06,0.0,0.0,744
10,Unclassified,12,9.678181e-06,0.0,0.0,708
10,Vehicular Equipment,1,1.2264456e-05,0.0,0.0,7
10,Vehicular Equipment,2,1.2170831e-05,0.0,0.0,8
10,Vehicular Equipment,3,1.1847031e-05,0.0,0.0,8
10,Vehicular Equipment,4,1.1914882e-05,0.0,0.0,8
10,Vehicular Equipment,5,1.2066416e-05,0.0,0.0,8
10,Vehicular Equipment,6,1.229573e-05,0.0,0.0,7
10,Vehicular Equipment,7,1.2539247e-05,0.0,0.0,6
10,Vehicular Equipment,8,1.213587e-05,0.0,0.0,7
10,Vehicular Equipment,9,1.1682448e-05,0.0,0.0,6
10,Vehicular Equipment,10,1.1748569e-05,0.0,0.0,7
10,Vehicular Equipment,11,1.1293857e-05,0.0,0.0,6
10,Vehicular Equipment,12,1.160581e-05,0.0,0.0,6
10,Wall Finishes,1,0.0049505658,0.0049382716049382715,0.022222222222222223,405
10,Wall Finishes,2,0.004999848,0.004987531172069825,0.029925187032418952,401
10,Wall Finishes,3,0.009792268,0.009779951100244499,0.02444987775061125,409
10,Wall Finishes,4,0.002434118,0.002421307506053269,0.026634382566585957,413
10,Wall Finishes,5,0.0049510063,0.0049382716049382715,0.027160493827160494,405
10,Wall Finishes,6,1.282848e-05,0.0,0.03117505995203837,417
10,Wall Finishes,7,0.0071548955,0.007142857142857143,0.016666666666666666,420
10,Wall Finishes,8,0.002382145,0.002369668246445498,0.04028436018957346,422
10,Wall Finishes,9,0.0047623743,0.004750593824228029,0.0166270783847981,421
10,Wall Finishes,10,0.007120379,0.0071090047393364926,0.014218009478672985,422
10,Wall Finishes,11,0.004854086,0.004842615012106538,0.021791767554479417,413
10,Wall Finishes,12,0.004962514,0.0049504950495049506,0.012376237623762377,404
10,Water Supply,1,1.2211003e-05,0.0,0.0,1
10,Water Supply,8,1.7517505e-05,0.0,0.0,1
11,Cooling Generation Systems,5,7.780771e-06,0.0,0.0,1
11,Distribution Systems,5,8.82307e-06,0.0,0.0,6
11,Domestic Water Distribution,5,2.4564064e-05,0.0,0.0,14
11,Elevators & Lifts,5,1.099959e-05,0.0,0.0,4
11,Hazardous Components Abatement,5,1.207253e-05,0.0,0.0,1
11,Heat Generation Systems,5,1.168237e-05,0.0,0.0,11
11,Lighting and Branch Wiring,5,9.435311e-06,0.0,0.0,112
11,Movable Furnishings,5,1.207253e-05,0.0,0.0,1
11,Other Electrical Systems,5,1.0537788e-05,0.0,0.0,31
11,Other Plumbing Systems,5,9.34141e-06,0.0,0.0,11
11,Plumbing Fixtures,5,2.1252108e-05,0.0,0.0,4
11,Rain Water Drainage,5,1.0537595e-05,0.0,0.0,22
11,Sprinklers,5,8.561091e-06,0.0,0.0,22
11,Terminal & Package Units,5,7.780771e-06,0.0,0.0,5
11,Unclassified,2,7.6911e-06,0.0,0.0,262
11,Vehicular Equipment,5,1.207253e-05,0.0,0.0,2
